"line","start_x","start_y","end_x","end_y","pm25","start_station","end_station"
"Bakerloo",516697,188333,515419,189464,55.3030303030303,"Kenton","Harrow & Wealdstone"
"Bakerloo",517321,187055,516697,188333,45.6363636363636,"South Kenton","Kenton"
"Bakerloo",517648,186208,517321,187055,66.6363636363636,"North Wembley","South Kenton"
"Bakerloo",517648,186208,518180,185090,77.6363636363638,"North Wembley","Wembley Central"
"Bakerloo",519690,184190,518180,185090,58.1363636363636,"Stonebridge Park","Wembley Central"
"Bakerloo",520952,183360,519690,184190,49.6363636363636,"Harlesden","Stonebridge Park"
"Bakerloo",521879,182937,520952,183360,44.6363636363636,"Willesden Junction","Harlesden"
"Bakerloo",521879,182937,523241,182777,61.3030303030303,"Willesden Junction","Kensal Green"
"Bakerloo",523241,182777,524619,183216,73.0363636363637,"Kensal Green","Queen's Park"
"Bakerloo",525361,183342,524619,183216,203.303030303031,"Kilburn Park","Queen's Park"
"Bakerloo",525954,182766,525361,183342,281.969696969697,"Maida Vale","Kilburn Park"
"Bakerloo",525954,182766,526107,182047,236.636363636364,"Maida Vale","Warwick Avenue"
"Bakerloo",526704,181176,526107,182047,336.636363636364,"Paddington","Warwick Avenue"
"Bakerloo",527055,181727,526704,181176,298.636363636364,"Edgware Road Bakerloo","Paddington"
"Bakerloo",527537,181966,527965,182070,377.636363636364,"Marylebone","Baker Street"
"Bakerloo",527965,182070,528661,182137,309.636363636364,"Baker Street","Regent's Park"
"Bakerloo",529038,181214,528661,182137,303.636363636364,"Oxford Circus","Regent's Park"
"Bakerloo",529038,181214,529591,180661,312.636363636364,"Oxford Circus","Piccadilly Circus"
"Bakerloo",530237,180518,529591,180661,302.636363636364,"Charing Cross","Piccadilly Circus"
"Bakerloo",530237,180518,530407,180372,252.636363636364,"Charing Cross","Embankment"
"Bakerloo",531166,179481,530993,179971,211.636363636364,"Lambeth North","Waterloo"
"Bakerloo",531941,179136,531166,179481,121.636363636364,"Elephant & Castle","Lambeth North"
"Central",510245,185830,508362,186784,29.8991666666666,"Ruislip Gardens","West Ruislip"
"Central",510245,185830,511113,185396,26.5658333333333,"Ruislip Gardens","South Ruislip"
"Central",511113,185396,513227,184512,35.2325,"South Ruislip","Northolt"
"Central",513227,184512,514768,183896,29.5658333333333,"Northolt","Greenford"
"Central",514768,183896,516349,183297,49.8991666666666,"Greenford","Perivale"
"Central",518505,182614,516349,183297,36.5658333333333,"Hanger Lane","Perivale"
"Central",519370,181283,517955,180922,30.5658333333333,"West Acton","Ealing Broadway"
"Central",519370,181283,520831,181930,25.2325,"West Acton","North Acton"
"Central",520831,181930,518505,182614,42.5658333333333,"North Acton","Hanger Lane"
"Central",520831,181930,521697,181195,36.0658333333333,"North Acton","East Acton"
"Central",521697,181195,523323,180722,48.3658333333333,"East Acton","White City"
"Central",523198,180005,523323,180722,97.3158333333332,"Shepherd's Bush","White City"
"Central",524621,180237,523198,180005,368.565833333333,"Holland Park","Shepherd's Bush"
"Central",524621,180237,525254,180445,78.5658333333333,"Holland Park","Notting Hill Gate"
"Central",525254,180445,525882,180607,269.565833333333,"Notting Hill Gate","Queensway"
"Central",526711,180788,525882,180607,450.565833333333,"Lancaster Gate","Queensway"
"Central",526711,180788,527885,181009,329.899166666666,"Lancaster Gate","Marble Arch"
"Central",528516,181054,527885,181009,412.565833333333,"Bond Street","Marble Arch"
"Central",528516,181054,529038,181214,422.565833333333,"Bond Street","Oxford Circus"
"Central",530541,181510,529791,181354,380.565833333333,"Holborn","Tottenham Court Road"
"Central",531117,181601,532105,181257,336.565833333333,"Chancery Lane","St. Paul's"
"Central",532105,181257,532710,181106,293.565833333333,"St. Paul's","Bank"
"Central",532710,181106,533111,181567,292.565833333333,"Bank","Liverpool Street"
"Central",534992,182712,533111,181567,312.565833333333,"Bethnal Green","Liverpool Street"
"Central",534992,182712,536526,182519,287.565833333333,"Bethnal Green","Mile End"
"Central",538573,184379,536526,182519,138.965833333333,"Stratford","Mile End"
"Central",538573,184379,538359,186057,127.065833333333,"Stratford","Leyton"
"Central",539282,187390,538359,186057,81.5658333333332,"Leytonstone","Leyton"
"Central",540682,188245,539282,187390,50.5658333333333,"Wanstead","Leytonstone"
"Central",540682,188245,541835,188364,95.5658333333332,"Wanstead","Redbridge"
"Central",543268,188425,541835,188364,92.5658333333333,"Gants Hill","Redbridge"
"Central",543268,188425,544950,188371,68.0658333333331,"Gants Hill","Newbury Park"
"Central",544791,189503,544927,190608,36.5658333333333,"Barkingside","Fairlop"
"Central",544791,189503,544950,188371,72.5658333333331,"Barkingside","Newbury Park"
"Central",544927,190608,545053,191507,26.5658333333333,"Fairlop","Hainault"
"Circle",523332.531220599,180480.267469195,523198,180005,2.4,"Wood Lane","Shepherd's Bush Market"
"Circle",523332.531220599,180480.267469195,523768,180907,2.4,"Wood Lane","Latimer Road"
"Circle",523504,178567,523177,179603,3.15,"Hammersmith","Goldhawk Road"
"Circle",523768,180907,524238,181324,3,"Latimer Road","Ladbroke Grove"
"Circle",525254,180445,525557,179519,6.01916666666667,"Notting Hill Gate","High Street Kensington"
"Circle",525254,180445,525835,180812,7.31916666666665,"Notting Hill Gate","Bayswater"
"Circle",525803,181566,524920,181756,6.15958333333333,"Royal Oak","Westbourne Park"
"Circle",525803,181566,526704,181176,5.4,"Royal Oak","Paddington"
"Circle",525835,180812,526704,181176,10.3191666666666,"Bayswater","Paddington"
"Circle",526235,178820,525557,179519,10.3588888888889,"Gloucester Road","High Street Kensington"
"Circle",526235,178820,526865,178809,18.6191666666667,"Gloucester Road","South Kensington"
"Circle",526704,181176,527227,181702,14.0328571428571,"Paddington","Edgware Road Circle"
"Circle",526865,178809,528080,178649,49.1588888888889,"South Kensington","Sloane Square"
"Circle",527965,182070,527227,181702,50.6383333333333,"Baker Street","Edgware Road Circle"
"Circle",527965,182070,528862,182166,99.6383333333332,"Baker Street","Great Portland Street"
"Circle",528080,178649,528946,179122,53.2191666666665,"Sloane Square","Victoria"
"Circle",528946,179122,529609,179473,87.6383333333332,"Victoria","St. James's Park"
"Circle",529420,182385,528862,182166,129.638333333333,"Euston Square","Great Portland Street"
"Circle",529420,182385,530237,182944,77.6383333333332,"Euston Square","King's Cross St. Pancras"
"Circle",530254,179683,529609,179473,96.9716666666665,"Westminster","St. James's Park"
"Circle",530254,179683,530407,180372,85.6383333333332,"Westminster","Embankment"
"Circle",530997,180802,530407,180372,63.6383333333333,"Temple","Embankment"
"Circle",530997,180802,531696,180878,87.6383333333333,"Temple","Blackfriars"
"Circle",531569,181871,530237,182944,82.2287499999998,"Farringdon","King's Cross St. Pancras"
"Circle",531569,181871,532080,181851,65.6383333333333,"Farringdon","Barbican"
"Circle",531696,180878,532348,180954,52.6383333333333,"Blackfriars","Mansion House"
"Circle",532348,180954,532592,180895,75.6383333333333,"Mansion House","Cannon Street"
"Circle",532592,180895,532708,181111,63.6383333333333,"Cannon Street","Monument"
"Circle",532689,181669,532080,181851,38.9716666666666,"Moorgate","Barbican"
"Circle",532689,181669,533111,181567,32.305,"Moorgate","Liverpool Street"
"Circle",533591,180769,532708,181111,62.1383333333332,"Tower Hill","Monument"
"Circle",533630,181238,533111,181567,63.6383333333333,"Aldgate","Liverpool Street"
"Circle",533630,181238,533591,180769,29.6383333333333,"Aldgate","Tower Hill"
"District",517955,180922,518886,180410,7.63333333333333,"Ealing Broadway","Ealing Common"
"District",518886,180410,519461,179603,2.71666666666667,"Ealing Common","Acton Town"
"District",520351,178684,519461,179603,2.21666666666667,"Chiswick Park","Acton Town"
"District",521267,178796,520351,178684,1.8,"Turnham Green","Chiswick Park"
"District",521267,178796,521898,178776,2.63333333333333,"Turnham Green","Stamford Brook"
"District",522538,178718,521898,178776,2.63333333333333,"Ravenscourt Park","Stamford Brook"
"District",523504,178567,522538,178718,4.63333333333333,"Hammersmith","Ravenscourt Park"
"District",524121,178314,523504,178567,12.6333333333333,"Barons Court","Hammersmith"
"District",524615,178363,525509,178531,21.9666666666666,"West Kensington","Earl's Court"
"District",525509,178531,526235,178820,4.63333333333333,"Earl's Court","Gloucester Road"
"District",526865,178809,526235,178820,27.6333333333333,"South Kensington","Gloucester Road"
"District",528080,178649,526865,178809,69.6333333333332,"Sloane Square","South Kensington"
"District",528080,178649,528946,179122,76.6333333333332,"Sloane Square","Victoria"
"District",529609,179473,528946,179122,112.633333333333,"St. James's Park","Victoria"
"District",529609,179473,530254,179683,132.633333333333,"St. James's Park","Westminster"
"District",530254,179683,530407,180372,154.633333333333,"Westminster","Embankment"
"District",530997,180802,530407,180372,98.6333333333333,"Temple","Embankment"
"District",531696,180878,530997,180802,95.6333333333332,"Blackfriars","Temple"
"District",532592,180895,532348,180954,119.633333333333,"Cannon Street","Mansion House"
"District",532708,181111,532592,180895,100.633333333333,"Monument","Cannon Street"
"District",532708,181111,533591,180769,112.633333333333,"Monument","Tower Hill"
"District",533591,180769,533858,181351,98.6333333333332,"Tower Hill","Aldgate East"
"District",533858,181351,534699,181843,124.633333333333,"Aldgate East","Whitechapel"
"District",534699,181843,535630,182141,121.633333333333,"Whitechapel","Stepney Green"
"District",535630,182141,536526,182519,156.633333333333,"Stepney Green","Mile End"
"District",536526,182519,537117,182725,178.633333333333,"Mile End","Bow Road"
"District",538036,182524,537117,182725,69.6333333333332,"Bromley-by-Bow","Bow Road"
"District",538036,182524,539184,182935,53.925,"Bromley-by-Bow","West Ham"
"District",540060,183297,539184,182935,31.2166666666666,"Plaistow","West Ham"
"District",541259,183777,540060,183297,12.6333333333333,"Upton Park","Plaistow"
"District",541259,183777,542371,184219,16.6333333333333,"Upton Park","East Ham"
"District",542371,184219,544407,184335,10.8833333333333,"East Ham","Barking"
"District",544407,184335,545847,184252,13.9666666666666,"Barking","Upney"
"District",545847,184252,547632,184521,7.96666666666665,"Upney","Becontree"
"District",547632,184521,549034,184711,10.6333333333333,"Becontree","Dagenham Heathway"
"District",550287,185025,549034,184711,17.3,"Dagenham East","Dagenham Heathway"
"District",552577,185726,550287,185025,9.02222222222221,"Elm Park","Dagenham East"
"District",553939,186235,552577,185726,8.63333333333332,"Hornchurch","Elm Park"
"District",555084,186798,553939,186235,9.63333333333332,"Upminster Bridge","Hornchurch"
"District",556145,186846,555084,186798,10.6333333333333,"Upminster","Upminster Bridge"
"Docklands Light Railway",534937,180934,532710,181106,51.0841666666667,"Shadwell","Bank"
"Docklands Light Railway",536126,181107,534937,180934,15.0841666666667,"Limehouse","Shadwell"
"Docklands Light Railway",536126,181107,537101,180792,7.41750000000001,"Limehouse","Westferry"
"Docklands Light Railway",537101,180792,537702,180592,10.0841666666667,"Westferry","Poplar"
"Docklands Light Railway",537402,182792,537902,183592,10.0841666666667,"Bow Church","Pudding Mill Lane"
"Docklands Light Railway",537501,176892,538001,177292,8.08416666666667,"Deptford Bridge","Greenwich"
"Docklands Light Railway",537502,180492,537101,180792,9.08416666666669,"West India Quay","Westferry"
"Docklands Light Railway",537593,179815,537401,180092,17.0841666666667,"South Quay","Heron Quays"
"Docklands Light Railway",537593,179815,537919,179286,2.4,"South Quay","Crossharbour & London Arena"
"Docklands Light Railway",537702,180592,538402,180692,8.08416666666667,"Poplar","Blackwall"
"Docklands Light Railway",537801,176292,537501,176892,19.0841666666667,"Elverson Road","Deptford Bridge"
"Docklands Light Railway",537801,176292,538001,175991,14.0841666666667,"Elverson Road","Lewisham"
"Docklands Light Railway",537902.92930109,181433.384479856,538002,180992,10.0841666666667,"Langdon Park","All Saints"
"Docklands Light Railway",537919,179286,537902,178692,8.08416666666669,"Crossharbour & London Arena","Mudchute"
"Docklands Light Railway",538002,180992,537702,180592,6.08416666666667,"All Saints","Poplar"
"Docklands Light Railway",538187.395918761,184757.38755113,538573,184379,8.75083333333335,"Stratford International","Stratford"
"Docklands Light Railway",538222,177736,538001,177292,66.0841666666667,"Cutty Sark","Greenwich"
"Docklands Light Railway",538302,178292,538222,177736,15.0841666666667,"Island Gardens","Cutty Sark"
"Docklands Light Railway",538573,184379,537902,183592,11.0841666666667,"Stratford","Pudding Mill Lane"
"Docklands Light Railway",538702,180792,538402,180692,14.0841666666667,"East India","Blackwall"
"Docklands Light Railway",539100.037830311,183357.862233058,538763.066034454,184005.224848849,8.08416666666669,"Abbey Road","Stratford High Street"
"Docklands Light Railway",539148.330566789,182101.661998873,539445,181346,4.08416666666667,"Star Lane","Canning Town"
"Docklands Light Railway",539184,182935,539148.330566789,182101.661998873,10.0841666666667,"West Ham","Star Lane"
"Docklands Light Railway",539445,181346,538702,180792,18.0841666666667,"Canning Town","East India"
"Docklands Light Railway",540147,180834,539445,181346,10.7508333333334,"Royal Victoria","Canning Town"
"Docklands Light Railway",540147,180834,540812,180906,8.08416666666667,"Royal Victoria","Custom House"
"Docklands Light Railway",540472.949726526,180143.645517271,539445,181346,10.7508333333334,"West Silvertown","Canning Town"
"Docklands Light Railway",541130.087577199,180099.972186564,540472.949726526,180143.645517271,16.0841666666667,"Pontoon Dock","West Silvertown"
"Docklands Light Railway",542102,180792,541202,180892,7.08416666666667,"Royal Albert","Prince Regent"
"Docklands Light Railway",542102,180792,542702,180892,14.0841666666667,"Royal Albert","Beckton Park"
"Docklands Light Railway",542301.772492544,180287.216013281,541130.087577199,180099.972186564,24.0841666666667,"London City Airport","Pontoon Dock"
"Docklands Light Railway",542301.772492544,180287.216013281,543270.795940003,180132.03444224,25.0841666666667,"London City Airport","King George V"
"Docklands Light Railway",543270.795940003,180132.03444224,543740.245424279,178812.933783504,26.0841666666667,"King George V","Woolwich Arsenal"
"Docklands Light Railway",543302,180892,542702,180892,10.0841666666667,"Cyprus","Beckton Park"
"Docklands Light Railway",543302,180892,543902,180992,6.08416666666667,"Cyprus","Gallions Reach"
"Docklands Light Railway",543902,180992,543102,181592,8.75083333333335,"Gallions Reach","Beckton"
"Hammersmith & City",523198,180005,523332.531220599,180480.267469195,4.55120370422222,"Shepherd's Bush Market","Wood Lane"
"Hammersmith & City",523504,178567,523177,179603,6.68083333316667,"Hammersmith","Goldhawk Road"
"Hammersmith & City",523768,180907,523332.531220599,180480.267469195,14.18083334,"Latimer Road","Wood Lane"
"Hammersmith & City",523768,180907,524238,181324,4.180833334,"Latimer Road","Ladbroke Grove"
"Hammersmith & City",525803,181566,524920,181756,17.51416667,"Royal Oak","Westbourne Park"
"Hammersmith & City",526704,181176,525803,181566,22.514166663,"Paddington","Royal Oak"
"Hammersmith & City",527227,181702,526704,181176,36.680833335,"Edgware Road Circle","Paddington"
"Hammersmith & City",527227,181702,527965,182070,62.514166663,"Edgware Road Circle","Baker Street"
"Hammersmith & City",527965,182070,528862,182166,68.180833328,"Baker Street","Great Portland Street"
"Hammersmith & City",529420,182385,530237,182944,77.51416666,"Euston Square","King's Cross St. Pancras"
"Hammersmith & City",531569,181871,530237,182944,76.4030555533333,"Farringdon","King's Cross St. Pancras"
"Hammersmith & City",531569,181871,532080,181851,54.18083334,"Farringdon","Barbican"
"Hammersmith & City",532080,181851,532689,181669,45.8475,"Barbican","Moorgate"
"Hammersmith & City",532689,181669,533111,181567,42.51416667,"Moorgate","Liverpool Street"
"Hammersmith & City",533111,181567,533858,181351,60.01416667,"Liverpool Street","Aldgate East"
"Hammersmith & City",534699,181843,533858,181351,64.18083334,"Whitechapel","Aldgate East"
"Hammersmith & City",535630,182141,534699,181843,82.51416666,"Stepney Green","Whitechapel"
"Hammersmith & City",536526,182519,535630,182141,99.18083333,"Mile End","Stepney Green"
"Hammersmith & City",537117,182725,536526,182519,10.8475,"Bow Road","Mile End"
"Hammersmith & City",537117,182725,538036,182524,65.847499997,"Bow Road","Bromley-by-Bow"
"Hammersmith & City",539184,182935,538036,182524,30.847499997,"West Ham","Bromley-by-Bow"
"Hammersmith & City",539184,182935,540060,183297,17.514166663,"West Ham","Plaistow"
"Hammersmith & City",541259,183777,540060,183297,12.514166667,"Upton Park","Plaistow"
"Hammersmith & City",542371,184219,541259,183777,7.514166666,"East Ham","Upton Park"
"Hammersmith & City",542371,184219,544407,184335,6.95861111066667,"East Ham","Barking"
"Jubilee",517574,192563,518190,191258,5.52,"Stanmore","Canons Park"
"Jubilee",518839,189781,518190,191258,7.12694444444443,"Queensbury","Canons Park"
"Jubilee",519348,188725,518839,189781,13.8602777777778,"Kingsbury","Queensbury"
"Jubilee",519373,186334,519348,188725,5.76,"Wembley Park","Kingsbury"
"Jubilee",519373,186334,521440,185349,7.07260416666667,"Wembley Park","Neasden"
"Jubilee",521440,185349,522207,185138,6.75,"Neasden","Dollis Hill"
"Jubilee",522207,185138,523350,184877,9.39520833333332,"Dollis Hill","Willesden Green"
"Jubilee",523350,184877,524589,184637,8.09520833333332,"Willesden Green","Kilburn"
"Jubilee",525552,184641,524589,184637,18.3872222222222,"West Hampstead","Kilburn"
"Jubilee",525552,184641,526262,184699,6.6,"West Hampstead","Finchley Road"
"Jubilee",526670,184292,526262,184699,133.914166666666,"Swiss Cottage","Finchley Road"
"Jubilee",526670,184292,526735,183320,120.580833333333,"Swiss Cottage","St. John's Wood"
"Jubilee",527965,182070,526735,183320,198.080833333333,"Baker Street","St. John's Wood"
"Jubilee",528516,181054,527965,182070,255.080833333333,"Bond Street","Baker Street"
"Jubilee",528981,180292,528516,181054,278.180833333333,"Green Park","Bond Street"
"Jubilee",528981,180292,530254,179683,301.580833333333,"Green Park","Westminster"
"Jubilee",530993,179971,530254,179683,293.2475,"Waterloo","Westminster"
"Jubilee",532871,180242,531615,180025,316.080833333333,"London Bridge","Southwark"
"Jubilee",534508,179445,532871,180242,278.580833333333,"Bermondsey","London Bridge"
"Jubilee",534508,179445,535476,179464,353.580833333333,"Bermondsey","Canada Water"
"Jubilee",535476,179464,537561,180150,231.380833333333,"Canada Water","Canary Wharf"
"Jubilee",537561,180150,539170,179819,192.580833333333,"Canary Wharf","North Greenwich"
"Jubilee",538573,184379,539184,182935,8.47424999999999,"Stratford","West Ham"
"Jubilee",539170,179819,539445,181346,115.129166666666,"North Greenwich","Canning Town"
"Jubilee",539445,181346,539184,182935,38.4538888888889,"Canning Town","West Ham"
"Metropolitan",496063,201612,499647,197564,34.4324404761905,"Chesham","Chalfont & Latimer"
"Metropolitan",496387,198182,499647,197564,57.3674019607843,"Amersham","Chalfont & Latimer"
"Metropolitan",502594,196087,499647,197564,46.3958333333333,"Chorleywood","Chalfont & Latimer"
"Metropolitan",505715,194599,502594,196087,52.5625,"Rickmansworth","Chorleywood"
"Metropolitan",505715,194599,508581,193487,54.6958333333333,"Rickmansworth","Moor Park"
"Metropolitan",507565,185008,505626,184164,68.2291666666666,"Hillingdon","Uxbridge"
"Metropolitan",507565,185008,508093,185939,74.8958333333333,"Hillingdon","Ickenham"
"Metropolitan",507913,195399,508581,193487,56.0958333333333,"Croxley","Moor Park"
"Metropolitan",508093,185939,509496,187022,74.8958333333333,"Ickenham","Ruislip"
"Metropolitan",509235,191435,508581,193487,54.3958333333333,"Northwood","Moor Park"
"Metropolitan",509235,191435,510269,190271,54.2291666666666,"Northwood","Northwood Hills"
"Metropolitan",509579,196590,507913,195399,64.0958333333333,"Watford","Croxley"
"Metropolitan",510124,187229,511190,187621,74.8958333333333,"Ruislip Manor","Eastcote"
"Metropolitan",511190,187621,512984,187491,72.8958333333333,"Eastcote","Rayners Lane"
"Metropolitan",512253,189465,510269,190271,50.8958333333333,"Pinner","Northwood Hills"
"Metropolitan",512253,189465,513568,188597,56.8958333333333,"Pinner","North Harrow"
"Metropolitan",512984,187491,514225,188053,67.5625,"Rayners Lane","West Harrow"
"Metropolitan",513568,188597,515328,188028,52.8958333333333,"North Harrow","Harrow on the Hill"
"Metropolitan",515328,188028,514225,188053,66.8958333333333,"Harrow on the Hill","West Harrow"
"Metropolitan",515328,188028,516633,187976,67.8958333333333,"Harrow on the Hill","Northwick Park"
"Metropolitan",516633,187976,518240,187284,52.8958333333333,"Northwick Park","Preston Road"
"Metropolitan",518240,187284,519373,186334,52.8958333333333,"Preston Road","Wembley Park"
"Metropolitan",519373,186334,526262,184699,44.4958333333333,"Wembley Park","Finchley Road"
"Metropolitan",526262,184699,527965,182070,67.2958333333333,"Finchley Road","Baker Street"
"Metropolitan",527965,182070,528862,182166,116.324404761905,"Baker Street","Great Portland Street"
"Metropolitan",529420,182385,528862,182166,128.895833333333,"Euston Square","Great Portland Street"
"Metropolitan",529420,182385,530237,182944,105.895833333333,"Euston Square","King's Cross St. Pancras"
"Metropolitan",530237,182944,531569,181871,82.2291666666665,"King's Cross St. Pancras","Farringdon"
"Metropolitan",532080,181851,531569,181871,88.8958333333333,"Barbican","Farringdon"
"Metropolitan",533111,181567,532689,181669,96.8958333333331,"Liverpool Street","Moorgate"
"Metropolitan",533111,181567,533630,181238,100.895833333333,"Liverpool Street","Aldgate"
"Northern",520312,190743,519537,191942,8.01416666666667,"Burnt Oak","Edgware"
"Northern",521305,189944,520312,190743,14.2316666666667,"Colindale","Burnt Oak"
"Northern",522975,188649,521305,189944,14.4964285714286,"Hendon Central","Colindale"
"Northern",522975,188649,523896,187949,68.7521428571429,"Hendon Central","Brent Cross"
"Northern",525257,187473,523896,187949,132.561666666667,"Golders Green","Brent Cross"
"Northern",525257,187473,526393,185773,251.695,"Golders Green","Hampstead"
"Northern",525537,191627,525285,190673,50.3011111111111,"West Finchley","Finchley Central"
"Northern",525537,191627,525725,192558,45.19,"West Finchley","Woodside Park"
"Northern",525668,168580,525828,170024,134.523333333333,"Morden","South Wimbledon"
"Northern",526118,193947,524989,196188,29.44,"Totteridge & Whetstone","High Barnet"
"Northern",526118,193947,525725,192558,39.8566666666667,"Totteridge & Whetstone","Woodside Park"
"Northern",526813,170359,525828,170024,311.19,"Colliers Wood","South Wimbledon"
"Northern",526813,170359,527463,171417,326.19,"Colliers Wood","Tooting Broadway"
"Northern",527243,189197,525285,190673,65.5536363636364,"East Finchley","Finchley Central"
"Northern",527243,189197,528524,188153,138.19,"East Finchley","Highgate"
"Northern",527380,185101,526393,185773,306.395,"Belsize Park","Hampstead"
"Northern",527380,185101,528127,184414,373.395,"Belsize Park","Chalk Farm"
"Northern",527463,171417,528015,172357,384.523333333333,"Tooting Broadway","Tooting Bec"
"Northern",528127,184414,528903,183913,394.895,"Chalk Farm","Camden Town"
"Northern",528445,173210,528015,172357,268.19,"Balham","Tooting Bec"
"Northern",528445,173210,528782,174251,294.19,"Balham","Clapham South"
"Northern",528903,183913,529588,182727,324.19,"Camden Town","Euston"
"Northern",529029,185129,528903,183913,346.69,"Kentish Town","Camden Town"
"Northern",529187,183342,528903,183913,348.523333333333,"Mornington Crescent","Camden Town"
"Northern",529187,183342,529588,182727,315.19,"Mornington Crescent","Euston"
"Northern",529187,185841,529029,185129,330.69,"Tufnell Park","Kentish Town"
"Northern",529187,185841,529357,186820,288.19,"Tufnell Park","Archway"
"Northern",529254,182264,529588,182727,364.19,"Warren Street","Euston"
"Northern",529357,186820,528524,188153,231.19,"Archway","Highgate"
"Northern",529428,175283,528782,174251,287.99,"Clapham Common","Clapham South"
"Northern",529428,175283,530030,175645,313.19,"Clapham Common","Clapham North"
"Northern",529516,181816,529254,182264,320.19,"Goodge Street","Warren Street"
"Northern",529588,182727,530237,182944,355.19,"Euston","King's Cross St. Pancras"
"Northern",529791,181354,529516,181816,279.19,"Tottenham Court Road","Goodge Street"
"Northern",530030,175645,530469,176471,356.19,"Clapham North","Stockwell"
"Northern",530237,180518,529988,180804,361.856666666667,"Charing Cross","Leicester Square"
"Northern",530237,182944,531484,183210,302.19,"King's Cross St. Pancras","Angel"
"Northern",530407,180372,530237,180518,505.19,"Embankment","Charing Cross"
"Northern",530469,176471,531136,177594,400.19,"Stockwell","Oval"
"Northern",530993,179971,530407,180372,407.19,"Waterloo","Embankment"
"Northern",530993,179971,531633,178276,434.39,"Waterloo","Kennington"
"Northern",531136,177594,531633,178276,575.19,"Oval","Kennington"
"Northern",531484,183210,532769,182476,217.19,"Angel","Old Street"
"Northern",531941,179136,531633,178276,339.19,"Elephant & Castle","Kennington"
"Northern",532413,179751,531941,179136,347.19,"Borough","Elephant & Castle"
"Northern",532689,181669,532710,181106,289.19,"Moorgate","Bank"
"Northern",532710,181106,532871,180242,359.19,"Bank","London Bridge"
"Northern",532769,182476,532689,181669,221.19,"Old Street","Moorgate"
"Northern",532871,180242,532413,179751,363.19,"London Bridge","Borough"
"Piccadilly",507585,175830,509612,175361,155.105833333333,"Heathrow Terminals 1, 2, 3","Hatton Cross"
"Piccadilly",508058,174431,507585,175830,103.605833333333,"Heathrow Terminal 4","Heathrow Terminals 1, 2, 3"
"Piccadilly",509612,175361,508058,174431,134.105833333333,"Hatton Cross","Heathrow Terminal 4"
"Piccadilly",509612,175361,512213,176132,123.105833333333,"Hatton Cross","Hounslow West"
"Piccadilly",513525,175944,512213,176132,120.105833333333,"Hounslow Central","Hounslow West"
"Piccadilly",514230,176192,513525,175944,126.105833333333,"Hounslow East","Hounslow Central"
"Piccadilly",514537,177062,514230,176192,120.105833333333,"Osterley","Hounslow East"
"Piccadilly",516390,178747,514537,177062,122.105833333333,"Boston Manor","Osterley"
"Piccadilly",516390,178747,517117,179162,123.105833333333,"Boston Manor","Northfields"
"Piccadilly",517607,179406,517117,179162,131.105833333333,"South Ealing","Northfields"
"Piccadilly",519461,179603,517607,179406,128.439166666666,"Acton Town","South Ealing"
"Piccadilly",519461,179603,521267,178796,143.7725,"Acton Town","Turnham Green"
"Piccadilly",521267,178796,523504,178567,138.105833333333,"Turnham Green","Hammersmith"
"Piccadilly",523504,178567,524121,178314,161.7725,"Hammersmith","Barons Court"
"Piccadilly",524121,178314,525509,178531,223.105833333333,"Barons Court","Earl's Court"
"Piccadilly",525509,178531,526235,178820,431.105833333333,"Earl's Court","Gloucester Road"
"Piccadilly",526235,178820,526865,178809,291.105833333333,"Gloucester Road","South Kensington"
"Piccadilly",526865,178809,527775,179672,312.105833333333,"South Kensington","Knightsbridge"
"Piccadilly",527775,179672,528310,179820,327.105833333333,"Knightsbridge","Hyde Park Corner"
"Piccadilly",528981,180292,528310,179820,286.105833333333,"Green Park","Hyde Park Corner"
"Piccadilly",529350,195962,528109,196387,98.4391666666664,"Oakwood","Cockfosters"
"Piccadilly",529350,195962,529676,194272,128.105833333333,"Oakwood","Southgate"
"Piccadilly",529591,180661,528981,180292,291.105833333333,"Piccadilly Circus","Green Park"
"Piccadilly",529676,194272,529323,192485,124.105833333333,"Southgate","Arnos Grove"
"Piccadilly",529988,180804,529591,180661,301.105833333333,"Leicester Square","Piccadilly Circus"
"Piccadilly",529993,191472,529323,192485,215.605833333333,"Bounds Green","Arnos Grove"
"Piccadilly",530227,182111,530541,181510,228.439166666666,"Russell Square","Holborn"
"Piccadilly",530237,182944,530227,182111,299.105833333333,"King's Cross St. Pancras","Russell Square"
"Piccadilly",530237,182944,530570,184959,237.7725,"King's Cross St. Pancras","Caledonian Road"
"Piccadilly",530266,180999,530541,181510,285.105833333333,"Covent Garden","Holborn"
"Piccadilly",530570,184959,530931,185450,301.105833333333,"Caledonian Road","Holloway Road"
"Piccadilly",531031,190429,529993,191472,287.7725,"Wood Green","Bounds Green"
"Piccadilly",531342,186757,532072,187483,348.105833333333,"Finsbury Park","Manor House"
"Piccadilly",531411,186102,530931,185450,377.105833333333,"Arsenal","Holloway Road"
"Piccadilly",531411,186102,531342,186757,305.7725,"Arsenal","Finsbury Park"
"Piccadilly",531525,189643,531031,190429,331.7725,"Turnpike Lane","Wood Green"
"Piccadilly",531525,189643,532072,187483,330.605833333333,"Turnpike Lane","Manor House"
"Victoria",528946,179122,528981,180292,516.175833333333,"Victoria","Green Park"
"Victoria",528946,179122,529668,178345,378.175833333333,"Victoria","Pimlico"
"Victoria",528981,180292,529038,181214,392.8425,"Green Park","Oxford Circus"
"Victoria",529254,182264,529038,181214,278.175833333333,"Warren Street","Oxford Circus"
"Victoria",529588,182727,530237,182944,318.175833333333,"Euston","King's Cross St. Pancras"
"Victoria",530237,182944,531571,184741,306.8425,"King's Cross St. Pancras","Highbury & Islington"
"Victoria",530372,177978,529668,178345,874.175833333333,"Vauxhall","Pimlico"
"Victoria",530372,177978,530469,176471,578.675833333333,"Vauxhall","Stockwell"
"Victoria",530469,176471,531071,175420,685.175833333333,"Stockwell","Brixton"
"Victoria",531342,186757,531571,184741,497.675833333333,"Finsbury Park","Highbury & Islington"
"Victoria",531342,186757,533644,188926,473.175833333333,"Finsbury Park","Seven Sisters"
